{
  "ema_probs": {
    "happy": 0.009,
    "sad": 0.027,
    "angry": 0.012,
    "neutral": 0.177,
    "surprise": 0.009,
    "fear": 0.063,
    "disgust": 0.003
  },
  "risk_history": [
    [
      1777271286.145172,
      0.0843
    ]
  ],
  "z_history": [
    [
      1777271286.145172,
      84300.0
    ]
  ]
}