{
  "risk_history": [
    {
      "ts": 1777539295.7140706,
      "risk": 0.0429
    }
  ],
  "z_history": [
    {
      "ts": 1777539295.7140706,
      "z": 24.992676809533336
    }
  ],
  "last_probs": {
    "happy": 0.76,
    "sad": 0.07,
    "angry": 0.09,
    "neutral": 0.03,
    "surprise": 0.03,
    "fear": 0.02,
    "disgust": 0.0
  }
}