{
  "ema_probs": {
    "happy": 0.105,
    "sad": 0.084,
    "angry": 0.036,
    "neutral": 0.003,
    "surprise": 0.054,
    "fear": 0.021,
    "disgust": 0.0
  },
  "risk_history": [
    [
      1777272010.1277814,
      0.0
    ],
    [
      1777272010.377468,
      0.0969
    ]
  ],
  "z_history": [
    [
      1777272010.1277814,
      -0.6744591932868085
    ],
    [
      1777272010.377468,
      0.6744797677297503
    ]
  ]
}