{
  "ema_probs": {
    "happy": 0.042,
    "sad": 0.054,
    "angry": 0.006,
    "neutral": 0.177,
    "surprise": 0.0,
    "fear": 0.018,
    "disgust": 0.0
  },
  "risk_history": [
    [
      1777272151.1694922,
      0.0
    ],
    [
      1777272151.3381643,
      0.0
    ],
    [
      1777272151.4738948,
      0.0
    ],
    [
      1777272151.5695732,
      0.049199999999999994
    ]
  ],
  "z_history": [
    [
      1777272151.1694922,
      -0.6743813273732895
    ],
    [
      1777272151.3381643,
      -0.6743344387699166
    ],
    [
      1777272151.4738948,
      -0.6742674663601916
    ],
    [
      1777272151.5695732,
      0.0
    ]
  ]
}