{
  "ema_probs": {
    "happy": 0.003549360922820153,
    "sad": 0.00362866153723611,
    "angry": 0.0015471491957489243,
    "neutral": 0.008524895027398146,
    "surprise": 0.004758657460664102,
    "fear": 0.0062733566272174975,
    "disgust": 6.551443127975374e-10
  },
  "risk_history": [
    [
      1777271276.218455,
      0.17819999999999997
    ],
    [
      1777271276.4099963,
      0.22194000000000003
    ],
    [
      1777271276.558514,
      0.276258
    ],
    [
      1777271276.6939542,
      0.28908059999999997
    ],
    [
      1777271276.8855777,
      0.28095642
    ],
    [
      1777271277.0165865,
      0.27106949399999997
    ],
    [
      1777271277.2188358,
      0.21194864579999997
    ],
    [
      1777271277.4115849,
      0.16966405205999996
    ],
    [
      1777271277.554878,
      0.13796483644199997
    ],
    [
      1777271277.734413,
      0.10227538550939999
    ],
    [
      1777271277.896238,
      0.09829276985657998
    ],
    [
      1777271278.0760486,
      0.09730493889960597
    ],
    [
      1777271278.2013376,
      0.11431345722972416
    ],
    [
      1777271278.3300743,
      0.12681942006080693
    ],
    [
      1777271278.4991803,
      0.10587359404256484
    ],
    [
      1777271278.7063942,
      0.08581151582979539
    ],
    [
      1777271278.890791,
      0.09426806108085678
    ],
    [
      1777271279.0686295,
      0.07318764275659972
    ],
    [
      1777271279.1989381,
      0.05993134992961981
    ],
    [
      1777271279.4161305,
      0.05215194495073386
    ],
    [
      1777271279.5826454,
      0.08750636146551372
    ],
    [
      1777271279.820808,
      0.06845445302585959
    ],
    [
      1777271279.9904506,
      0.06201811711810171
    ],
    [
      1777271280.1506538,
      0.08181268198267119
    ],
    [
      1777271280.2963607,
      0.07856887738786984
    ],
    [
      1777271280.542124,
      0.07359821417150889
    ],
    [
      1777271280.7553158,
      0.0827187499200562
    ],
    [
      1777271281.008204,
      0.13560312494403937
    ],
    [
      1777271281.2179153,
      0.20352218746082754
    ],
    [
      1777271281.4397986,
      0.2819655312225793
    ],
    [
      1777271281.630086,
      0.38757587185580544
    ],
    [
      1777271281.801701,
      0.38560311029906386
    ],
    [
      1777271282.012303,
      0.42592217720934467
    ],
    [
      1777271282.1887093,
      0.43524552404654127
    ],
    [
      1777271282.3254895,
      0.4234718668325789
    ],
    [
      1777271282.4538362,
      0.4311303067828052
    ],
    [
      1777271282.6274543,
      0.40649121474796357
    ],
    [
      1777271282.7614622,
      0.40304385032357454
    ],
    [
      1777271282.9217138,
      0.37783069522650214
    ],
    [
      1777271283.0567005,
      0.38208148665855146
    ],
    [
      1777271283.2055826,
      0.408457040660986
    ],
    [
      1777271283.3585954,
      0.3906199284626902
    ],
    [
      1777271283.5027125,
      0.42433394992388307
    ],
    [
      1777271283.643242,
      0.39393376494671806
    ],
    [
      1777271283.7776818,
      0.3732536354627027
    ],
    [
      1777271283.9779987,
      0.31887754482389186
    ],
    [
      1777271284.1192322,
      0.2232142813767243
    ],
    [
      1777271284.234417,
      0.156249996963707
    ],
    [
      1777271284.3080535,
      0.10937499787459488
    ],
    [
      1777271284.4298112,
      0.07656249851221643
    ],
    [
      1777271284.516049,
      0.0535937489585515
    ],
    [
      1777271284.6151416,
      0.037515624270986044
    ],
    [
      1777271284.7045202,
      0.026260936989690224
    ],
    [
      1777271284.8617804,
      0.018382655892783158
    ],
    [
      1777271285.0095296,
      0.012867859124948209
    ],
    [
      1777271285.1037352,
      0.009007501387463746
    ]
  ],
  "z_history": [
    [
      1777271276.218455,
      0.0
    ],
    [
      1777271276.4099963,
      0.0
    ],
    [
      1777271276.558514,
      0.0
    ],
    [
      1777271276.6939542,
      0.0
    ],
    [
      1777271276.8855777,
      0.0
    ],
    [
      1777271277.0165865,
      0.0
    ],
    [
      1777271277.2188358,
      0.0
    ],
    [
      1777271277.4115849,
      0.0
    ],
    [
      1777271277.554878,
      0.0
    ],
    [
      1777271277.734413,
      0.0
    ],
    [
      1777271277.896238,
      0.0
    ],
    [
      1777271278.0760486,
      0.0
    ],
    [
      1777271278.2013376,
      0.0
    ],
    [
      1777271278.3300743,
      0.0
    ],
    [
      1777271278.4991803,
      0.0
    ],
    [
      1777271278.7063942,
      0.0
    ],
    [
      1777271278.890791,
      0.0
    ],
    [
      1777271279.0686295,
      0.0
    ],
    [
      1777271279.1989381,
      0.0
    ],
    [
      1777271279.4161305,
      0.0
    ],
    [
      1777271279.5826454,
      0.0
    ],
    [
      1777271279.820808,
      0.0
    ],
    [
      1777271279.9904506,
      0.0
    ],
    [
      1777271280.1506538,
      0.0
    ],
    [
      1777271280.2963607,
      0.0
    ],
    [
      1777271280.542124,
      0.0
    ],
    [
      1777271280.7553158,
      0.0
    ],
    [
      1777271281.008204,
      0.0
    ],
    [
      1777271281.2179153,
      0.6744795848751347
    ],
    [
      1777271281.4397986,
      0.0
    ],
    [
      1777271281.630086,
      0.0
    ],
    [
      1777271281.801701,
      0.0
    ],
    [
      1777271282.012303,
      0.0
    ],
    [
      1777271282.1887093,
      0.0
    ],
    [
      1777271282.3254895,
      0.0
    ],
    [
      1777271282.4538362,
      0.0
    ],
    [
      1777271282.6274543,
      0.0
    ],
    [
      1777271282.7614622,
      0.0
    ],
    [
      1777271282.9217138,
      0.0
    ],
    [
      1777271283.0567005,
      0.0
    ],
    [
      1777271283.2055826,
      0.0
    ],
    [
      1777271283.3585954,
      0.0
    ],
    [
      1777271283.5027125,
      0.0
    ],
    [
      1777271283.643242,
      0.0
    ],
    [
      1777271283.7776818,
      0.0
    ],
    [
      1777271283.9779987,
      0.0
    ],
    [
      1777271284.1192322,
      0.6744841539997689
    ],
    [
      1777271284.234417,
      0.0
    ],
    [
      1777271284.3080535,
      0.6744824407166861
    ],
    [
      1777271284.4298112,
      0.0
    ],
    [
      1777271284.516049,
      0.0
    ],
    [
      1777271284.6151416,
      0.0
    ],
    [
      1777271284.7045202,
      0.6744561137656226
    ],
    [
      1777271284.8617804,
      0.6744412666933056
    ],
    [
      1777271285.0095296,
      0.6744200577238758
    ],
    [
      1777271285.1037352,
      9007.501387463746
    ]
  ]
}