{
  "ema_probs": {
    "happy": 0.198,
    "sad": 0.048,
    "angry": 0.027,
    "neutral": 0.003,
    "surprise": 0.018,
    "fear": 0.006,
    "disgust": 0.0
  },
  "risk_history": [
    [
      1777272018.5762208,
      0.0564
    ]
  ],
  "z_history": [
    [
      1777272018.5762208,
      56400.0
    ]
  ]
}