{
  "ema_probs": {
    "happy": 0.0,
    "sad": 0.018,
    "angry": 0.003,
    "neutral": 0.09,
    "surprise": 0.162,
    "fear": 0.024,
    "disgust": 0.0
  },
  "risk_history": [
    [
      1777272089.4523716,
      0.0
    ],
    [
      1777272089.602976,
      0.0
    ],
    [
      1777272089.8032234,
      0.0
    ],
    [
      1777272089.9718382,
      0.0336
    ]
  ],
  "z_history": [
    [
      1777272089.4523716,
      -0.6703371157036435
    ],
    [
      1777272089.602976,
      -0.6685726020087353
    ],
    [
      1777272089.8032234,
      -0.6660679220230641
    ],
    [
      1777272089.9718382,
      0.6744636206223806
    ]
  ]
}