{
  "ema_probs": {
    "happy": 0.0,
    "sad": 0.0,
    "angry": 0.0,
    "neutral": 0.0,
    "surprise": 0.0,
    "fear": 0.0,
    "disgust": 0.0
  },
  "risk_history": [
    [
      1777271284.3080535,
      0.0
    ],
    [
      1777271284.7045202,
      0.0
    ],
    [
      1777271284.8617804,
      0.0
    ],
    [
      1777271285.0095296,
      0.0
    ],
    [
      1777271285.1037352,
      0.0
    ]
  ],
  "z_history": [
    [
      1777271284.3080535,
      -0.6744824407166861
    ],
    [
      1777271284.7045202,
      -0.6744561137656226
    ],
    [
      1777271284.8617804,
      -0.6744412666933056
    ],
    [
      1777271285.0095296,
      -0.6744200577238758
    ],
    [
      1777271285.1037352,
      0.0
    ]
  ]
}