{
  "ema_probs": {
    "happy": 0.03154139541268435,
    "sad": 0.016188501026200855,
    "angry": 0.00392707092784824,
    "neutral": 0.003195856421902078,
    "surprise": 0.0024739694226572394,
    "fear": 0.0025734235960122595,
    "disgust": 0.0
  },
  "risk_history": [
    [
      1777272013.26025,
      0.0249
    ],
    [
      1777272013.4595444,
      0.017429999999999998
    ],
    [
      1777272013.5831099,
      0.012200999999999997
    ],
    [
      1777272013.711942,
      0.06554070000000001
    ],
    [
      1777272013.8871384,
      0.16737849
    ],
    [
      1777272014.0511477,
      0.117164943
    ],
    [
      1777272014.2000215,
      0.08201546009999999
    ],
    [
      1777272014.3206098,
      0.05741082206999999
    ],
    [
      1777272014.442226,
      0.11278757544899999
    ],
    [
      1777272014.6501424,
      0.07895130281429999
    ],
    [
      1777272014.7881918,
      0.12186591197001
    ],
    [
      1777272014.919029,
      0.085306138379007
    ],
    [
      1777272015.0738287,
      0.05971429686530489
    ],
    [
      1777272015.1886563,
      0.04180000780571342
    ],
    [
      1777272015.3097162,
      0.029260005463999393
    ],
    [
      1777272015.4380014,
      0.020482003824799574
    ],
    [
      1777272015.5239983,
      0.0143374026773597
    ]
  ],
  "z_history": [
    [
      1777272013.26025,
      24900.0
    ],
    [
      1777272013.4595444,
      17430.0
    ],
    [
      1777272013.5831099,
      12200.999999999996
    ],
    [
      1777272013.711942,
      65540.70000000001
    ],
    [
      1777272013.8871384,
      0.6744853234839765
    ],
    [
      1777272014.0511477,
      0.6744829937996769
    ],
    [
      1777272014.2000215,
      0.6744796657071663
    ],
    [
      1777272014.3206098,
      0.6744749113462671
    ],
    [
      1777272014.442226,
      0.674482692411732
    ],
    [
      1777272014.6501424,
      0.6744792351572907
    ],
    [
      1777272014.7881918,
      0.6744832933568011
    ],
    [
      1777272014.919029,
      85306.138379007
    ],
    [
      1777272015.0738287,
      59714.296865304896
    ],
    [
      1777272015.1886563,
      0.6744689928250037
    ],
    [
      1777272015.3097162,
      0.6744596646900933
    ],
    [
      1777272015.4380014,
      0.6744463392306599
    ],
    [
      1777272015.5239983,
      14337.402677359702
    ]
  ]
}