{
  "ema_probs": {
    "happy": 0.18766820618007,
    "sad": 0.09631999182602999,
    "angry": 0.02336568648687,
    "neutral": 0.019015031962289992,
    "surprise": 0.014719875186869997,
    "fear": 0.015311617754579995,
    "disgust": 0.0
  },
  "risk_history": [
    [
      1777272013.26025,
      0.0249
    ],
    [
      1777272013.4595444,
      0.017429999999999998
    ],
    [
      1777272013.5831099,
      0.012200999999999997
    ],
    [
      1777272013.711942,
      0.06554070000000001
    ],
    [
      1777272013.8871384,
      0.16737849
    ],
    [
      1777272014.0511477,
      0.117164943
    ],
    [
      1777272014.2000215,
      0.08201546009999999
    ],
    [
      1777272014.3206098,
      0.05741082206999999
    ],
    [
      1777272014.442226,
      0.11278757544899999
    ],
    [
      1777272014.6501424,
      0.07895130281429999
    ],
    [
      1777272014.7881918,
      0.12186591197001
    ],
    [
      1777272014.919029,
      0.085306138379007
    ]
  ],
  "z_history": [
    [
      1777272013.26025,
      24900.0
    ],
    [
      1777272013.4595444,
      17430.0
    ],
    [
      1777272013.5831099,
      12200.999999999996
    ],
    [
      1777272013.711942,
      65540.70000000001
    ],
    [
      1777272013.8871384,
      0.6744853234839765
    ],
    [
      1777272014.0511477,
      0.6744829937996769
    ],
    [
      1777272014.2000215,
      0.6744796657071663
    ],
    [
      1777272014.3206098,
      0.6744749113462671
    ],
    [
      1777272014.442226,
      0.674482692411732
    ],
    [
      1777272014.6501424,
      0.6744792351572907
    ],
    [
      1777272014.7881918,
      0.6744832933568011
    ],
    [
      1777272014.919029,
      85306.138379007
    ]
  ]
}