{
  "ema_probs": {
    "happy": 0.24899999999999997,
    "sad": 0.021,
    "angry": 0.009,
    "neutral": 0.003,
    "surprise": 0.009,
    "fear": 0.006,
    "disgust": 0.0
  },
  "risk_history": [
    [
      1777272013.26025,
      0.0249
    ]
  ],
  "z_history": [
    [
      1777272013.26025,
      24900.0
    ]
  ]
}