{
  "ema_probs": {
    "happy": 0.0,
    "sad": 0.0,
    "angry": 0.0,
    "neutral": 0.0,
    "surprise": 0.0,
    "fear": 0.0,
    "disgust": 0.0
  },
  "risk_history": [
    [
      1777272010.248308,
      0.0
    ],
    [
      1777272010.5496721,
      0.0
    ]
  ],
  "z_history": [
    [
      1777272010.248308,
      -0.6744456658242075
    ],
    [
      1777272010.5496721,
      0.0
    ]
  ]
}