{
  "ema_probs": {
    "happy": 0.006299999999999999,
    "sad": 0.04242,
    "angry": 0.010709999999999997,
    "neutral": 0.26964,
    "surprise": 0.005039999999999999,
    "fear": 0.020789999999999996,
    "disgust": 0.0
  },
  "risk_history": [
    [
      1777271312.3309803,
      0.0519
    ],
    [
      1777271312.470117,
      0.07233
    ],
    [
      1777271312.681075,
      0.050630999999999995
    ]
  ],
  "z_history": [
    [
      1777271312.3309803,
      -0.6744869103559896
    ],
    [
      1777271312.470117,
      -0.6744837317890082
    ],
    [
      1777271312.681075,
      0.0
    ]
  ]
}