{
  "ema_probs": {
    "happy": 0.003,
    "sad": 0.099,
    "angry": 0.006,
    "neutral": 0.18,
    "surprise": 0.0,
    "fear": 0.012,
    "disgust": 0.0
  },
  "risk_history": [
    [
      1777272050.247331,
      0.0
    ],
    [
      1777272050.3949075,
      0.0
    ],
    [
      1777272050.496259,
      0.0
    ],
    [
      1777272050.6087112,
      0.0663
    ]
  ],
  "z_history": [
    [
      1777272050.247331,
      -0.6743580058481554
    ],
    [
      1777272050.3949075,
      -0.6743011274317439
    ],
    [
      1777272050.496259,
      -0.6742198891931357
    ],
    [
      1777272050.6087112,
      0.6744765317634326
    ]
  ]
}